accuracy,f1_macro,precision_macro,recall_macro,mcc
0.652542372881356,0.6391962813015445,0.670983886047407,0.6597670841573281,0.5049599857843373
