accuracy,f1_macro,precision_macro,recall_macro,mcc
0.711864406779661,0.7144391368529299,0.720273068099155,0.7112008349813227,0.5680471281625733
