,precision,recall,f1-score,support
1,0.7142857142857143,0.6756756756756757,0.6944444444444444,37.0
2,0.6086956521739131,0.6829268292682927,0.6436781609195402,41.0
3,0.8378378378378378,0.775,0.8051948051948052,40.0
accuracy,0.711864406779661,0.711864406779661,0.711864406779661,0.711864406779661
macro avg,0.720273068099155,0.7112008349813227,0.7144391368529299,118.0
weighted avg,0.7194797176374185,0.711864406779661,0.7143478072028627,118.0
