accuracy,f1_macro,precision_macro,recall_macro,mcc
0.7288135593220338,0.7293496271748134,0.7322192513368982,0.7278675016479893,0.5928903197513488
