accuracy,f1_macro,precision_macro,recall_macro,mcc
0.6694915254237288,0.6665953501640279,0.6653503677893922,0.6716326082179741,0.5062610894226774
