accuracy,f1_macro,precision_macro,recall_macro,mcc
0.635593220338983,0.6084207694377186,0.6382275132275133,0.6437101735882224,0.48126760265545004
