,precision,recall,f1-score,support
1,0.5535714285714286,0.8378378378378378,0.6666666666666666,37.0
2,0.6111111111111112,0.2682926829268293,0.3728813559322034,41.0
3,0.75,0.825,0.7857142857142857,40.0
accuracy,0.635593220338983,0.635593220338983,0.635593220338983,0.635593220338983
macro avg,0.6382275132275133,0.6437101735882224,0.6084207694377186,118.0
weighted avg,0.6401499865482917,0.635593220338983,0.6049438448174443,118.0
